<?xml version="1.0" encoding="UTF-8"?>
<project-private xmlns="http://www.netbeans.org/ns/project-private/1">
    <editor-bookmarks xmlns="http://www.netbeans.org/ns/editor-bookmarks/2" lastBookmarkId="0"/>
    <open-files xmlns="http://www.netbeans.org/ns/projectui-open-files/2">
        <group>
            <file>file:/C:/wamp64/wamp64/www/MyProject/logout_script.php</file>
            <file>file:/C:/wamp64/wamp64/www/MyProject/includes/links.php</file>
            <file>file:/C:/wamp64/wamp64/www/MyProject/cart-add.php</file>
            <file>file:/C:/wamp64/wamp64/www/MyProject/includes/common.php</file>
            <file>file:/C:/wamp64/wamp64/www/MyProject/signup_script.php</file>
            <file>file:/C:/wamp64/wamp64/www/MyProject/index.php</file>
            <file>file:/C:/wamp64/wamp64/www/MyProject/includes/footer.php</file>
            <file>file:/C:/wamp64/wamp64/www/MyProject/settings_script.php</file>
            <file>file:/C:/wamp64/wamp64/www/MyProject/settings.php</file>
            <file>file:/C:/wamp64/wamp64/www/MyProject/home.php</file>
            <file>file:/C:/wamp64/wamp64/www/MyProject/cart.php</file>
            <file>file:/C:/wamp64/wamp64/www/MyProject/includes/check-if-added.php</file>
            <file>file:/C:/wamp64/wamp64/www/MyProject/login.php</file>
            <file>file:/C:/wamp64/wamp64/www/MyProject/success.php</file>
            <file>file:/C:/wamp64/wamp64/www/MyProject/includes/header.php</file>
            <file>file:/C:/wamp64/wamp64/www/MyProject/cart-remove.php</file>
            <file>file:/C:/wamp64/wamp64/www/MyProject/signup.php</file>
            <file>file:/C:/wamp64/wamp64/www/MyProject/login_script.php</file>
        </group>
    </open-files>
</project-private>
